[
  {
    "model": "cms.usersettings",
    "pk": 1,
    "fields": {
      "user": 1,
      "clipboard": 1,
      "language": "en"
    }
  },
  {
    "model": "cms.page",
    "pk": 1,
    "fields": {
      "placeholders": [
        2
      ],
      "application_urls": null,
      "publication_date": "2017-04-06T08:55:33.873Z",
      "navigation_extenders": null,
      "publication_end_date": null,
      "publisher_is_draft": true,
      "in_navigation": true,
      "path": "0001",
      "reverse_id": null,
      "login_required": false,
      "publisher_public": 2,
      "revision_id": 0,
      "changed_by": "user",
      "languages": "en",
      "parent": null,
      "template": "INHERIT",
      "xframe_options": 0,
      "creation_date": "2017-04-06T08:55:33.514Z",
      "soft_root": false,
      "changed_date": "2017-04-06T09:07:44.952Z",
      "created_by": "script",
      "numchild": 0,
      "limit_visibility_in_menu": null,
      "application_namespace": null,
      "site": 1,
      "depth": 1,
      "is_home": true
    }
  },
  {
    "model": "cms.page",
    "pk": 2,
    "fields": {
      "placeholders": [
        3
      ],
      "application_urls": null,
      "publication_date": "2017-04-06T08:55:33.873Z",
      "navigation_extenders": null,
      "publication_end_date": null,
      "publisher_is_draft": false,
      "in_navigation": true,
      "path": "0002",
      "reverse_id": null,
      "login_required": false,
      "publisher_public": 1,
      "revision_id": 0,
      "changed_by": "user",
      "languages": "en",
      "parent": null,
      "template": "INHERIT",
      "xframe_options": 0,
      "creation_date": "2017-04-06T08:55:33.885Z",
      "soft_root": false,
      "changed_date": "2017-04-06T09:07:44.905Z",
      "created_by": "script",
      "numchild": 0,
      "limit_visibility_in_menu": null,
      "application_namespace": null,
      "site": 1,
      "depth": 1,
      "is_home": true
    }
  },
  {
    "model": "cms.pageuser",
    "pk": 2,
    "fields": {
      "groups": [],
      "created_by": 1,
      "user_permissions": [
        21,
        22,
        23
      ]
    }
  },
  {
    "model": "cms.pageuser",
    "pk": 3,
    "fields": {
      "groups": [],
      "created_by": 1,
      "user_permissions": []
    }
  },
  {
    "model": "cms.pageuser",
    "pk": 4,
    "fields": {
      "groups": [],
      "created_by": 1,
      "user_permissions": []
    }
  },
  {
    "model": "cms.pageuser",
    "pk": 5,
    "fields": {
      "groups": [],
      "created_by": 1,
      "user_permissions": []
    }
  },
  {
    "model": "cms.pageuser",
    "pk": 6,
    "fields": {
      "groups": [],
      "created_by": 1,
      "user_permissions": []
    }
  },
  {
    "model": "cms.pageuser",
    "pk": 7,
    "fields": {
      "groups": [],
      "created_by": 6,
      "user_permissions": []
    }
  },
  {
    "model": "cms.pageuser",
    "pk": 8,
    "fields": {
      "groups": [],
      "created_by": 7,
      "user_permissions": []
    }
  },
  {
    "model": "cms.pageuser",
    "pk": 9,
    "fields": {
      "groups": [],
      "created_by": 1,
      "user_permissions": []
    }
  },
  {
    "model": "cms.pageuser",
    "pk": 10,
    "fields": {
      "groups": [],
      "created_by": 1,
      "user_permissions": []
    }
  },
  {
    "model": "cms.pageuser",
    "pk": 11,
    "fields": {
      "groups": [],
      "created_by": 10,
      "user_permissions": []
    }
  },
  {
    "model": "cms.pageuser",
    "pk": 12,
    "fields": {
      "groups": [],
      "created_by": 11,
      "user_permissions": []
    }
  },
  {
    "model": "cms.pageuser",
    "pk": 13,
    "fields": {
      "groups": [],
      "created_by": 1,
      "user_permissions": []
    }
  },
  {
    "model": "cms.pageuser",
    "pk": 14,
    "fields": {
      "groups": [],
      "created_by": 1,
      "user_permissions": []
    }
  },
  {
    "model": "cms.pageuser",
    "pk": 15,
    "fields": {
      "groups": [],
      "created_by": 4,
      "user_permissions": []
    }
  },
  {
    "model": "cms.pageuser",
    "pk": 16,
    "fields": {
      "groups": [],
      "created_by": 1,
      "user_permissions": []
    }
  },
  {
    "model": "cms.pageuser",
    "pk": 17,
    "fields": {
      "groups": [],
      "created_by": 1,
      "user_permissions": []
    }
  },
  {
    "model": "cms.pageuser",
    "pk": 18,
    "fields": {
      "groups": [],
      "created_by": 1,
      "user_permissions": []
    }
  },
  {
    "model": "cms.pageuser",
    "pk": 19,
    "fields": {
      "groups": [],
      "created_by": 17,
      "user_permissions": []
    }
  },
  {
    "model": "cms.pageuser",
    "pk": 20,
    "fields": {
      "groups": [],
      "created_by": 17,
      "user_permissions": []
    }
  },
  {
    "model": "cms.pageuser",
    "pk": 21,
    "fields": {
      "groups": [],
      "created_by": 20,
      "user_permissions": []
    }
  },
  {
    "model": "cms.pageuser",
    "pk": 22,
    "fields": {
      "groups": [],
      "created_by": 21,
      "user_permissions": []
    }
  },
  {
    "model": "cms.placeholder",
    "pk": 1,
    "fields": {
      "slot": "clipboard",
      "default_width": null
    }
  },
  {
    "model": "cms.placeholder",
    "pk": 2,
    "fields": {
      "slot": "content",
      "default_width": null
    }
  },
  {
    "model": "cms.placeholder",
    "pk": 3,
    "fields": {
      "slot": "content",
      "default_width": null
    }
  },
  {
    "model": "cms.cmsplugin",
    "pk": 1,
    "fields": {
      "placeholder": 2,
      "path": "0001",
      "parent": null,
      "plugin_type": "TextPlugin",
      "numchild": 0,
      "language": "en",
      "creation_date": "2017-04-06T08:55:33.758Z",
      "position": 0,
      "changed_date": "2017-04-06T09:03:52.776Z",
      "depth": 1
    }
  },
  {
    "model": "cms.cmsplugin",
    "pk": 3,
    "fields": {
      "placeholder": 2,
      "path": "0003",
      "parent": null,
      "plugin_type": "SnippetPlugin",
      "numchild": 0,
      "language": "en",
      "creation_date": "2017-04-06T09:07:40.928Z",
      "position": 1,
      "changed_date": "2017-04-06T09:07:40.941Z",
      "depth": 1
    }
  },
  {
    "model": "cms.cmsplugin",
    "pk": 4,
    "fields": {
      "placeholder": 3,
      "path": "0004",
      "parent": null,
      "plugin_type": "TextPlugin",
      "numchild": 0,
      "language": "en",
      "creation_date": "2017-04-06T08:55:33.758Z",
      "position": 0,
      "changed_date": "2017-04-06T09:07:44.860Z",
      "depth": 1
    }
  },
  {
    "model": "cms.cmsplugin",
    "pk": 5,
    "fields": {
      "placeholder": 3,
      "path": "0005",
      "parent": null,
      "plugin_type": "SnippetPlugin",
      "numchild": 0,
      "language": "en",
      "creation_date": "2017-04-06T09:07:40.928Z",
      "position": 1,
      "changed_date": "2017-04-06T09:07:44.840Z",
      "depth": 1
    }
  },
  {
    "model": "cms.title",
    "pk": 1,
    "fields": {
      "title": "video",
      "redirect": null,
      "meta_description": null,
      "slug": "video",
      "menu_title": null,
      "page_title": null,
      "creation_date": "2017-04-06T08:55:33.662Z",
      "publisher_is_draft": true,
      "publisher_state": 0,
      "path": "",
      "published": true,
      "page": 1,
      "language": "en",
      "has_url_overwrite": false,
      "publisher_public": 2
    }
  },
  {
    "model": "cms.title",
    "pk": 2,
    "fields": {
      "title": "video",
      "redirect": null,
      "meta_description": null,
      "slug": "video",
      "menu_title": null,
      "page_title": null,
      "creation_date": "2017-04-06T08:55:33.662Z",
      "publisher_is_draft": false,
      "publisher_state": 1,
      "path": "",
      "published": true,
      "page": 2,
      "language": "en",
      "has_url_overwrite": false,
      "publisher_public": 1
    }
  },
  {
    "model": "cms.urlconfrevision",
    "pk": 1,
    "fields": {
      "revision": "8aeb4284-bf70-4dbe-9156-7f2b457e436b"
    }
  }
]